Feature ID	Taxon	Confidence
#q2:types	categorical	categorical
f9821fb43c02be88fa4827e5ddb9dcfe	d__Bacteria; p__Proteobacteria; c__Alphaproteobacteria; o__Rhizobiales; f__Hyphomicrobiaceae	0.9913674755475848
3cbb3df78d3599b947fbb2fb7671b8b4	d__Bacteria; p__Firmicutes; c__Clostridia; o__Peptostreptococcales-Tissierellales; f__Anaerovoracaceae; g__Family_XIII_AD3011_group; s__uncultured_Eubacteriaceae	0.7012020902155395
52af003ffdf8d1321283ea1722d67448	d__Bacteria; p__Proteobacteria; c__Gammaproteobacteria; o__Steroidobacterales; f__Steroidobacteraceae	0.9009848177943639
39b697d152eef5d7732a968f54b8c49f	d__Bacteria; p__Firmicutes; c__Clostridia; o__Peptostreptococcales-Tissierellales; f__Anaerovoracaceae; g__[Eubacterium]_saphenum_group; s__Eubacterium_sp.	0.8109469551081334
95e823dc726a488002f20b54f44da933	d__Bacteria; p__Proteobacteria; c__Gammaproteobacteria; o__Burkholderiales; f__Alcaligenaceae; g__Alcaligenes	0.7026891621845385
b804868fb3fddd1c9f008dd6ac28d497	d__Bacteria; p__Firmicutes; c__Clostridia; o__Peptostreptococcales-Tissierellales; f__Peptostreptococcales-Tissierellales; g__Tissierella	0.8385026160393763
938b78aa66fd365558abfa9f03a36887	d__Bacteria; p__Actinobacteriota; c__Actinobacteria; o__Streptomycetales; f__Streptomycetaceae; g__Streptomyces	0.9440470303305483
2ac137eefa611e8c6c2a576d4ad21620	d__Bacteria; p__Firmicutes; c__Bacilli; o__Lactobacillales; f__Streptococcaceae; g__Streptococcus	0.9967672808167967
276387bb1289a762631d930be78f312e	d__Bacteria; p__Synergistota; c__Synergistia; o__Synergistales; f__Synergistaceae; g__Fretibacterium	0.9985937120442182
430e2740e97955ba914c491808d702c6	d__Bacteria; p__Firmicutes; c__Bacilli; o__Bacillales; f__Bacillaceae; g__Bacillus	0.9115735064956355
8aa06d7f530d17fffe4cd33489cda91f	d__Bacteria; p__Bacteroidota; c__Bacteroidia; o__Cytophagales; f__Microscillaceae	0.9983316263690929
073985546183c889b974c315e7d175d3	d__Bacteria; p__Proteobacteria; c__Alphaproteobacteria; o__Rhizobiales; f__Hyphomicrobiaceae	0.9721796034657202
e97931e7f552c8afe97ce99071ee48c0	d__Bacteria; p__Firmicutes; c__Clostridia; o__Peptostreptococcales-Tissierellales; f__Peptostreptococcales-Tissierellales; g__Parvimonas; s__Peptostreptococcaceae_bacterium	0.972721442077209
6da2bcff2966a8d175ee456e3e3f818f	d__Bacteria; p__Actinobacteriota; c__Actinobacteria; o__Micrococcales; f__Microbacteriaceae; g__Leucobacter	0.9500135625024798
488daca92f59918979ea8c6fea056ec1	d__Bacteria; p__Proteobacteria; c__Gammaproteobacteria; o__Burkholderiales; f__Neisseriaceae; g__Neisseria	0.9912320399604725
ecea33fc49b55efb6726adaef3b28617	d__Bacteria; p__Firmicutes; c__Bacilli; o__Lactobacillales; f__Streptococcaceae; g__Streptococcus	0.9943630962514727
6422ad2bca359710069c3666b586bbfe	d__Bacteria; p__Firmicutes; c__Clostridia; o__Peptostreptococcales-Tissierellales; f__Peptostreptococcales-Tissierellales; g__W5053	0.9889804256820894
ed5399f02423e9c19ef1aabbac0a2bf1	d__Bacteria; p__Synergistota; c__Synergistia; o__Synergistales; f__Synergistaceae; g__Fretibacterium	0.9931354281510437
746dde75bb7d2808c37801a76c2da61a	d__Bacteria; p__Actinobacteriota; c__Actinobacteria; o__Corynebacteriales; f__Nocardiaceae; g__Rhodococcus	0.9545169200430483
99ee0dea881fb7593f8260e41ee84fe6	d__Bacteria; p__Proteobacteria; c__Alphaproteobacteria; o__Rhizobiales; f__Rhizobiaceae	0.9842946410066222
2d76df5227874b5add5da94e09574e75	d__Bacteria; p__Firmicutes; c__Clostridia; o__Clostridiales; f__Clostridiaceae; g__Clostridium_sensu_stricto_5	0.9972022392247034
e9067a7f9ade9133b92b466f8f39380d	d__Bacteria; p__Actinobacteriota; c__Coriobacteriia; o__Coriobacteriales; f__Atopobiaceae	0.8270860525847803
534228e5ba669023d3ec44649b7ea217	d__Bacteria; p__Proteobacteria; c__Gammaproteobacteria; o__Burkholderiales; f__Comamonadaceae	0.9948751151560793
e63eef1672eb9de58c79c88d90964848	d__Bacteria; p__Bacteroidota; c__Bacteroidia; o__Chitinophagales; f__Chitinophagaceae	0.999350081422807
a16897ee9cfdfd6609f3697d456b6119	d__Bacteria; p__Proteobacteria; c__Gammaproteobacteria; o__Burkholderiales; f__Neisseriaceae	0.9989561285859959
cb8a00298cc33fb603f524284eea94b3	d__Bacteria; p__Proteobacteria; c__Gammaproteobacteria; o__Burkholderiales	0.9974574122425528
32bf1d7bfbcfbc693a6307d12dab2423	d__Bacteria; p__Firmicutes; c__Bacilli; o__Staphylococcales; f__Gemellaceae; g__Gemella	0.9291163279024768
ef223441c8b1ab15ae5dd7a4f0f93ff1	d__Bacteria; p__Proteobacteria; c__Gammaproteobacteria; o__Burkholderiales; f__Comamonadaceae	0.9813942561834017
0a29824bb5726f176667c3e928dc9c2f	d__Bacteria; p__Firmicutes; c__Clostridia; o__Lachnospirales; f__Lachnospiraceae; g__Johnsonella	0.8436971907528826
b9aacc9da3e8abd74be8b064920795bb	d__Bacteria; p__Firmicutes; c__Clostridia; o__Peptostreptococcales-Tissierellales; f__Peptostreptococcaceae; g__[Eubacterium]_yurii_group	0.9772473847671835
59853012c4917d69e9ab2f6b1916afb1	d__Bacteria; p__Proteobacteria; c__Alphaproteobacteria; o__Rhizobiales; f__Rhizobiaceae	0.9987413380934811
51b185377dde3ffe63b1452c94dd51e8	d__Bacteria; p__Gemmatimonadota; c__Gemmatimonadetes; o__Gemmatimonadales; f__Gemmatimonadaceae; g__uncultured	0.9742059684786618
9931fc4a3f73eb0b3982e7d5bf005f2a	d__Bacteria; p__Proteobacteria; c__Gammaproteobacteria; o__PLTA13; f__PLTA13; g__PLTA13	0.9827700980321793
81f691a5907a77f95803ca349f859bf8	d__Bacteria; p__Firmicutes; c__Bacilli; o__Bacillales	0.8490033653805903
9b1fb3fb30da41e1b6c4209f601c2197	d__Bacteria; p__Firmicutes; c__Clostridia; o__Lachnospirales; f__Lachnospiraceae	0.9986498844734586
f9219ae5a905cee4ae5c96610c139aad	d__Bacteria; p__Firmicutes; c__Clostridia; o__Peptostreptococcales-Tissierellales; f__Peptostreptococcales-Tissierellales; g__Parvimonas; s__Peptostreptococcaceae_bacterium	0.8105687046182769
453a8279ad9ff5cd59237d105298b2d3	d__Bacteria; p__Nitrospirota; c__Nitrospiria; o__Nitrospirales; f__Nitrospiraceae; g__Nitrospira; s__uncultured_Green	0.8861340837785712
a30b24a1a8470d185fe851e43aac8b56	d__Bacteria; p__Bacteroidota; c__Bacteroidia; o__Flavobacteriales; f__Flavobacteriaceae; g__Capnocytophaga	0.8382304395388213
b25bbf5411fdb4852cd8fa50aa72b6f6	d__Bacteria; p__Proteobacteria; c__Gammaproteobacteria; o__Burkholderiales; f__Alcaligenaceae	0.9945416188513517
ea481f629be4cf9a04ae86311c675003	d__Bacteria; p__Proteobacteria; c__Alphaproteobacteria; o__Rhizobiales; f__Rhizobiaceae	0.998716794385399
a4d9ad681b76206e3bebb99e14353a7f	d__Bacteria; p__Actinobacteriota; c__Actinobacteria; o__Micrococcales; f__Microbacteriaceae; g__Agromyces	0.9189629789595198
956f429027fe8c2bd44bc5945dafd7ad	d__Bacteria; p__Proteobacteria; c__Alphaproteobacteria; o__Rhizobiales; f__Rhizobiales_Incertae_Sedis; g__uncultured; s__uncultured_Alphaproteobacteria	0.766050071059099
f171f695e67dafdfa3bc4ea45e48c453	d__Bacteria; p__Chloroflexi; c__Anaerolineae; o__Anaerolineales; f__Anaerolineaceae; g__Flexilinea; s__Anaerolineaceae_bacterium	0.9956860404949643
e82c9093693e7629e694f7ef9d6989f6	d__Bacteria; p__Proteobacteria; c__Gammaproteobacteria; o__Pseudomonadales; f__Pseudomonadaceae; g__Pseudomonas	0.9660823723706884
c23f09b909a3082dfc2f2dbdbc7664bd	d__Bacteria; p__Firmicutes; c__Clostridia; o__Peptostreptococcales-Tissierellales; f__Anaerovoracaceae	0.9465051792904009
7835aaf22fccec0558496fbc82288e5a	d__Bacteria; p__Firmicutes; c__Clostridia; o__Peptostreptococcales-Tissierellales; f__Anaerovoracaceae; g__[Eubacterium]_nodatum_group; s__[Eubacterium]_minutum	0.7756864106470774
b09eb9b712d8da895f0dbee427a1a591	d__Bacteria; p__Acidobacteriota; c__Vicinamibacteria; o__Vicinamibacterales; f__Vicinamibacteraceae; g__Vicinamibacteraceae	0.931668075754217
268562fb503bfa543ee47c17177b20f9	d__Bacteria; p__Proteobacteria; c__Gammaproteobacteria; o__Steroidobacterales; f__Steroidobacteraceae; g__Steroidobacter	0.7512351025691417
9e8dfc218e84015bb40185d42281a9ee	d__Bacteria; p__Proteobacteria; c__Gammaproteobacteria; o__Xanthomonadales; f__Rhodanobacteraceae	0.9885967041511861
246c20fb68ba6b42199de278e7238a86	d__Bacteria; p__Firmicutes; c__Clostridia; o__Christensenellales; f__Christensenellaceae; g__Christensenellaceae_R-7_group	0.9006714831911262
8447f0839cf75085a94fab291be9be80	d__Archaea; p__Euryarchaeota; c__Methanobacteria; o__Methanobacteriales; f__Methanobacteriaceae; g__Methanobrevibacter	0.9906108177430932
f1714a6cfaaa481ce548a9608b1812a3	d__Bacteria; p__Firmicutes; c__Clostridia; o__Peptostreptococcales-Tissierellales; f__Anaerovoracaceae; g__[Eubacterium]_saphenum_group; s__Eubacterium_saphenum	0.8223876613433323
4d0fd138c382a0f1eaea469cd16b8a14	d__Bacteria; p__Bacteroidota; c__Bacteroidia; o__Bacteroidales; f__Paludibacteraceae; g__F0058	0.7960785974957179
e73ebe1899f20b762cab0e5a85f513de	d__Bacteria; p__Desulfobacterota; c__Desulfobulbia; o__Desulfobulbales; f__Desulfobulbaceae; g__Desulfobulbus	0.7703619315077181
2ecc26fa38d0f81cfd44270ae78aed8f	d__Bacteria; p__Firmicutes; c__Bacilli; o__Bacillales; f__Bacillaceae; g__Bacillus	0.9378736777678185
07dae3ddceb57eb29048bd82c77d9228	d__Bacteria; p__Firmicutes; c__Clostridia; o__Peptostreptococcales-Tissierellales; f__Peptostreptococcales-Tissierellales; g__Parvimonas	0.9501586136533045
753adcffab1789e51335b16c46a8120f	d__Bacteria; p__Proteobacteria; c__Gammaproteobacteria; o__Burkholderiales; f__TRA3-20; g__TRA3-20	0.7872063834935283
add01eb7e5d5bf540fa1bf359c938531	d__Bacteria; p__Bacteroidota; c__Bacteroidia; o__Flavobacteriales; f__Flavobacteriaceae; g__Capnocytophaga; s__Capnocytophaga_gingivalis	0.7167900549328574
38944b76c90c1642a3577f1ccc8cedd7	d__Bacteria; p__Actinobacteriota; c__Actinobacteria; o__Actinomycetales; f__Actinomycetaceae; g__Actinomyces	0.9760928332810104
d56eb106101d763952845800113671b6	d__Bacteria; p__Bacteroidota; c__Bacteroidia; o__Cytophagales; f__Microscillaceae; g__uncultured	0.9960802291791724
3f2e1626e5bb88d914bba1488f893cc8	d__Bacteria; p__Proteobacteria; c__Alphaproteobacteria	0.7858762352070278
019e4a461da508a5fc9520942fff7ba7	d__Bacteria; p__Proteobacteria; c__Gammaproteobacteria; o__Burkholderiales; f__Alcaligenaceae; g__Castellaniella	0.8802300090416314
d49410cd15c32cbad6a830a55eba5493	d__Bacteria; p__Firmicutes; c__Bacilli; o__Lactobacillales; f__Aerococcaceae; g__Abiotrophia; s__uncultured_bacterium	0.7922566595901034
b64ec5485bab068975098b3f0e58492d	d__Bacteria; p__Proteobacteria; c__Alphaproteobacteria; o__uncultured; f__uncultured; g__uncultured; s__uncultured_Rhodobacteraceae	0.717347237589769
8ab324690443855f8f1bef18d50ffe43	d__Bacteria; p__Proteobacteria; c__Gammaproteobacteria; o__Burkholderiales; f__Neisseriaceae; g__Neisseria	0.9633708778158231
eba18f1e9ef53eff7c582811875a64aa	d__Bacteria	0.9860476195269974
e7a665fae46b47c8a18315340ba9caf4	d__Bacteria; p__Acidobacteriota; c__AT-s3-28; o__AT-s3-28; f__AT-s3-28; g__AT-s3-28; s__uncultured_bacterium	0.806992717429853
16df3d6ba4d2a0f063a3dfeb73ca9df9	d__Bacteria; p__Actinobacteriota; c__Acidimicrobiia	0.756333523775837
4a31178c7f986d6f6addf49355becf95	d__Bacteria; p__Actinobacteriota; c__Actinobacteria; o__Propionibacteriales; f__Nocardioidaceae; g__Kribbella	0.8793140254230503
7cfad00ab36fd86f5c4df5e4b03aeb32	d__Bacteria; p__Proteobacteria; c__Gammaproteobacteria; o__Xanthomonadales; f__Xanthomonadaceae	0.9957400594663619
f63ef0ab1cac2137e9dfb7e7074e31cd	d__Bacteria; p__Chloroflexi; c__Chloroflexia; o__Thermomicrobiales; f__JG30-KF-CM45; g__JG30-KF-CM45	0.9920938424522112
32b3e68ff3145fd0d4d05562a120bc91	d__Bacteria; p__Firmicutes; c__Clostridia; o__Peptostreptococcales-Tissierellales; f__Anaerovoracaceae; g__[Eubacterium]_nodatum_group	0.9902285033313958
48fe23708ca139962c6d6f8298307524	d__Bacteria; p__Proteobacteria; c__Gammaproteobacteria; o__Burkholderiales; f__Neisseriaceae; g__Neisseria	0.9930049696497751
233fcf59f7a19d42db8b243e0b9aa35c	d__Bacteria; p__Firmicutes; c__Clostridia; o__Peptostreptococcales-Tissierellales; f__Anaerovoracaceae; g__[Eubacterium]_brachy_group; s__Peptostreptococcaceae_bacterium	0.9493736094524391
59ea8a9f2766b530d6e9bfb051ea3ec7	d__Bacteria; p__Proteobacteria; c__Gammaproteobacteria; o__Burkholderiales; f__Comamonadaceae	0.9975611674958665
485739d31a097a4ad6bf92a49897d02c	d__Bacteria; p__Chloroflexi; c__Chloroflexia; o__Thermomicrobiales; f__AKYG1722; g__AKYG1722	0.9024394844606346
a9e24f83bc596ce23500f23aec15ca39	d__Bacteria; p__Campilobacterota; c__Campylobacteria; o__Campylobacterales; f__Arcobacteraceae; g__Arcobacter	0.8389085715757308
5cf8b1a7879de1254fe554d14e881cde	d__Bacteria; p__Proteobacteria; c__Alphaproteobacteria; o__Rhizobiales; f__Hyphomicrobiaceae; g__Pedomicrobium	0.8763908743025309
1fcf2316ac1d02fb2c8812d9c28261f1	d__Bacteria; p__Actinobacteriota; c__Actinobacteria; o__Micromonosporales; f__Micromonosporaceae	0.9761281978851362
ffdad2142cb81512aad0aead76c8a40b	d__Bacteria; p__Proteobacteria; c__Alphaproteobacteria; o__Caulobacterales; f__Hyphomonadaceae; g__SWB02	0.9985310851021437
5336f563a5fedc6cd0063b4eea61faed	d__Bacteria; p__Proteobacteria; c__Gammaproteobacteria; o__Burkholderiales; f__Comamonadaceae	0.9990456805800083
c47458a6dc729b3897ff33c0d9bc8a86	d__Bacteria; p__Proteobacteria; c__Gammaproteobacteria; o__Burkholderiales; f__Nitrosomonadaceae; g__MND1	0.9923915335868736
9e7c4cb763c43e91bcd54849f3031a7d	d__Bacteria; p__Firmicutes; c__Clostridia; o__Lachnospirales; f__Lachnospiraceae	0.9968459152026456
b1bed50a045a72aa77f8aad0ae664272	d__Bacteria; p__Bacteroidota; c__Bacteroidia; o__Flavobacteriales; f__Weeksellaceae; g__Bergeyella; s__uncultured_bacterium	0.8086453372298471
4c3db820bb39f4e9978f4f99626d2ecc	d__Bacteria; p__Chloroflexi; c__KD4-96; o__KD4-96; f__KD4-96; g__KD4-96	0.9976394361391002
a045a35edbc85814dd7cf4fd347ce3b5	d__Bacteria; p__Proteobacteria; c__Alphaproteobacteria; o__Dongiales; f__Dongiaceae; g__Dongia	0.982116207457433
c37f6296fc3d73cbe8d3d11728b07d2b	d__Bacteria; p__Actinobacteriota; c__Actinobacteria; o__Pseudonocardiales; f__Pseudonocardiaceae; g__Kibdelosporangium	0.763560542703489
cc2692db4986358269269b37f7a643e3	d__Bacteria; p__Bacteroidota; c__Bacteroidia; o__Cytophagales; f__Microscillaceae; g__Ohtaekwangia	0.7585362657591498
33a4aa5476927727eaca03bfe55aef8c	d__Bacteria; p__Bacteroidota; c__Bacteroidia; o__Sphingobacteriales; f__Sphingobacteriaceae	0.9888943491691076
ddace2de973ff426029ce68eebdff587	d__Bacteria; p__Firmicutes; c__Negativicutes; o__Veillonellales-Selenomonadales; f__Selenomonadaceae	0.99385793622402
516500a7a7f80c573b7e86a75f9102c0	d__Bacteria; p__Proteobacteria; c__Alphaproteobacteria; o__Rhizobiales; f__Methyloligellaceae	0.9919555853773317
1809ca8d94c9de6f602a4eacf7f6ce7f	d__Bacteria; p__Bacteroidota; c__Bacteroidia; o__Flavobacteriales; f__Flavobacteriaceae; g__Capnocytophaga; s__Capnocytophaga_granulosa	0.8645089067077822
978f17cb6fb8298cc04e26e849d0e0fd	d__Bacteria; p__Firmicutes; c__Bacilli; o__Lactobacillales; f__Streptococcaceae; g__Streptococcus	0.8894874289176012
2d9b0ca521f76d711b1282aebda5aa42	d__Bacteria; p__Gemmatimonadota; c__Gemmatimonadetes; o__Gemmatimonadales; f__Gemmatimonadaceae; g__uncultured	0.9346218586520698
746c5fc7fff07e6e580bfb4fedb91fdc	d__Bacteria; p__Actinobacteriota; c__Actinobacteria	0.8667481393858314
6f8e401f2bbe49af777524a85987d61f	d__Bacteria; p__Proteobacteria; c__Gammaproteobacteria; o__Enterobacterales; f__Morganellaceae; g__Providencia	0.9731154982584663
5a55766eb8920820629137071ac517d8	d__Bacteria; p__Firmicutes; c__Clostridia; o__Peptostreptococcales-Tissierellales; f__Peptostreptococcales-Tissierellales; g__Anaerosalibacter; s__poultry_manure	0.7694421121138556
c111fe2e769ab434d1d5abf3715a8d7a	d__Bacteria; p__Bacteroidota; c__Bacteroidia; o__Chitinophagales; f__Chitinophagaceae	0.99997757102336
8ade8b4a71b02770a8f31b2cd1af2cbe	d__Bacteria; p__Proteobacteria; c__Alphaproteobacteria; o__Rhizobiales; f__Rhizobiaceae	0.9756256465204904
972335de0c7212067fd949f9f182af51	d__Bacteria; p__Fusobacteriota; c__Fusobacteriia; o__Fusobacteriales; f__Fusobacteriaceae; g__Fusobacterium	0.9998849760411921
01163ae276883077496b0631e7d382bf	d__Bacteria; p__Proteobacteria; c__Gammaproteobacteria; o__Burkholderiales; f__Nitrosomonadaceae; g__MND1	0.997611403368885
11daa23d36cf116086316a40e39abe6b	d__Bacteria; p__Proteobacteria; c__Alphaproteobacteria; o__Rhizobiales; f__Methyloligellaceae	0.9951862925750532
3382786c7b5377edc8c42bc54f791d57	d__Bacteria; p__Actinobacteriota; c__Thermoleophilia; o__Gaiellales; f__uncultured; g__uncultured	0.7706515614571346
7eeea19903760d81496c7b10196c7b72	d__Bacteria; p__Proteobacteria; c__Gammaproteobacteria; o__Burkholderiales; f__Nitrosomonadaceae; g__MND1	0.9948599328928042
f202c989335ea39a0953539dfdd6c6e4	d__Bacteria; p__Proteobacteria; c__Gammaproteobacteria; o__Cardiobacteriales; f__Cardiobacteriaceae; g__Cardiobacterium; s__Cardiobacterium_valvarum	0.8887966246660272
5a056f93b213e182bbb6e2c11167cb92	d__Bacteria; p__Actinobacteriota; c__Actinobacteria; o__Propionibacteriales; f__Propionibacteriaceae	0.9258113544522123
19c32de31ab525449bd2a28e43966bed	d__Bacteria; p__Bacteroidota; c__Bacteroidia; o__Flavobacteriales; f__Flavobacteriaceae	0.9991410569588702
c86316f23549939cd05c165c931b67d9	d__Bacteria; p__Firmicutes; c__Negativicutes; o__Veillonellales-Selenomonadales; f__Selenomonadaceae; g__Selenomonas	0.7396158493232442
28df8ca6fe71eb0443869c181a5b3ae3	d__Bacteria; p__Proteobacteria; c__Gammaproteobacteria; o__Enterobacterales	0.9865688856305035
f5435bdc5faf0f769eb2071ee17a289f	d__Bacteria; p__Firmicutes; c__Clostridia; o__Peptostreptococcales-Tissierellales; f__Peptostreptococcaceae; g__Peptostreptococcus	0.8837527640507286
99781f175c6cd593281c54294b11791c	d__Bacteria; p__Campilobacterota; c__Campylobacteria; o__Campylobacterales; f__Campylobacteraceae; g__Campylobacter	0.9998111714410802
e413aa520364d8b8f6ae8d96ecb5b570	d__Bacteria; p__Proteobacteria; c__Alphaproteobacteria; o__Rhizobiales; f__Xanthobacteraceae	0.9905805144931914
bd55defc42b16c0a3c082ba5478265ca	d__Bacteria; p__Proteobacteria; c__Gammaproteobacteria; o__Pseudomonadales; f__Moraxellaceae; g__Acinetobacter	0.9936945755830856
8c34026fe49fa227128001bd1d13aa4f	d__Bacteria; p__Actinobacteriota; c__Coriobacteriia; o__Coriobacteriales; f__Atopobiaceae; g__Olsenella	0.733341918006078
b9d7e3d5a4f3c25e4938b2ac32af1ce8	d__Bacteria; p__Bacteroidota; c__Bacteroidia; o__Flavobacteriales; f__Flavobacteriaceae; g__Capnocytophaga	0.9497714119578142
7508f36b500167aecf24b918680f2469	d__Bacteria; p__Actinobacteriota; c__Actinobacteria; o__Streptosporangiales; f__Streptosporangiaceae	0.9167608146163537
0ae72ca4b6461fac49e3fd3ea21781f0	d__Bacteria; p__Gemmatimonadota; c__Gemmatimonadetes; o__Gemmatimonadales; f__Gemmatimonadaceae; g__uncultured	0.957209545950435
7f4b430542d73fc1c1c3b3481c6fae57	d__Bacteria; p__Proteobacteria; c__Gammaproteobacteria; o__Pasteurellales; f__Pasteurellaceae	0.9986797133658432
a4d969274253164ebf4b8b5a4775099a	d__Bacteria; p__Actinobacteriota; c__Actinobacteria	0.897347572126505
c651d22b1aead8644651167704edf517	d__Bacteria; p__Firmicutes; c__Clostridia; o__Peptostreptococcales-Tissierellales; f__Anaerovoracaceae	0.9352095960439818
902879eeca90585c54181e0b7c7b01ca	d__Bacteria; p__Firmicutes; c__Clostridia; o__Lachnospirales; f__Lachnospiraceae; g__Johnsonella; s__Johnsonella_ignava	0.8140955090691472
18edf2979fec9982f1b606fcc16e69f6	d__Bacteria; p__Proteobacteria; c__Gammaproteobacteria; o__Xanthomonadales; f__Xanthomonadaceae	0.9768838791071759
93d5b9f37deb9a2045d4f82ac04c7455	d__Bacteria; p__Proteobacteria; c__Gammaproteobacteria; o__Burkholderiales; f__Comamonadaceae	0.9843973428241395
8f1acd099e44311a7a8376490b903e2e	d__Bacteria; p__Proteobacteria; c__Gammaproteobacteria; o__Burkholderiales; f__Comamonadaceae	0.9913315290319845
da33d21077e4d9f1ab7dcd2d824b6e2c	d__Bacteria; p__Synergistota; c__Synergistia; o__Synergistales; f__Synergistaceae; g__Fretibacterium	0.9940637964616205
43a023c806409ea803ff16cf0c71241f	d__Bacteria; p__Firmicutes; c__Clostridia; o__Peptostreptococcales-Tissierellales; f__Anaerovoracaceae	0.9776371103214466
fad01b6cf1e377e7eb7b81fa34e6c74d	d__Bacteria; p__Spirochaetota; c__Spirochaetia; o__Spirochaetales; f__Spirochaetaceae; g__Treponema	0.9999507777789944
f97ef43b6b97c9fa17f95c05e37eb0ae	d__Bacteria; p__Proteobacteria; c__Gammaproteobacteria; o__Xanthomonadales; f__Xanthomonadaceae	0.8797589569983305
5c16a120b8c047f5a86fa5e0fd538914	d__Bacteria; p__Nitrospirota; c__Nitrospiria; o__Nitrospirales; f__Nitrospiraceae; g__Nitrospira	0.9991981854570489
5bd771b8ee89ccdab35bb849ef098caa	d__Bacteria; p__Fusobacteriota; c__Fusobacteriia; o__Fusobacteriales; f__Leptotrichiaceae; g__Leptotrichia	0.9947806886038377
ab41af268b164f374d80cdcdb176effe	d__Bacteria; p__Firmicutes; c__Clostridia	0.9876011474428275
162f711627d8130193b18e2800b53c94	d__Bacteria; p__Bacteroidota; c__Bacteroidia; o__Flavobacteriales; f__Flavobacteriaceae	0.9987780339594562
9056faf3f23107117b202f6e1b087ff5	d__Bacteria; p__Proteobacteria; c__Alphaproteobacteria; o__Rhizobiales	0.8515745005529084
893ece4b89664eca995c36db50af6f32	d__Bacteria; p__Bacteroidota; c__Bacteroidia; o__Bacteroidales; f__Tannerellaceae; g__Tannerella	0.9106373393633456
5e0cbaf2f6d295af6f557ec010c6ec15	d__Bacteria; p__Bacteroidota; c__Bacteroidia; o__Flavobacteriales; f__Flavobacteriaceae	0.9993631248471645
7b78cc65893df876a11e820bfda74565	d__Bacteria; p__Actinobacteriota; c__Thermoleophilia; o__Solirubrobacterales; f__Solirubrobacteraceae	0.8313648291894028
080b502184eb4db75c9c799b3257022f	d__Archaea; p__Crenarchaeota; c__Nitrososphaeria; o__Nitrososphaerales; f__Nitrososphaeraceae	0.9692766238704128
035d8e6a74519a2f84968f139d041f96	d__Bacteria; p__Acidobacteriota; c__Vicinamibacteria; o__Vicinamibacterales	0.9863035395638694
e5102d59d5a2b11ffadbf5f6cfadcf5d	d__Bacteria; p__Actinobacteriota; c__Actinobacteria; o__Micrococcales; f__Micrococcaceae	0.9463529895571428
9964515ee117c7092c1c10d4919c4af4	d__Bacteria; p__Verrucomicrobiota; c__Chlamydiae; o__Chlamydiales; f__Parachlamydiaceae; g__Candidatus_Metachlamydia; s__Candidatus_Metachlamydia	0.8794269337428262
d6b1a31fff05e803b855c2e786b76e27	d__Bacteria; p__Firmicutes; c__Bacilli; o__Lactobacillales	0.9781563904211975
0cf668f4c5dcf9d3f91ec92d47b07e17	d__Bacteria; p__Firmicutes; c__Clostridia; o__Lachnospirales; f__Lachnospiraceae	0.9954945006193237
6f27f5b0636ce4a9c4376c4142f7b276	d__Bacteria; p__Proteobacteria; c__Gammaproteobacteria; o__PLTA13; f__PLTA13; g__PLTA13; s__uncultured_Sinobacteraceae	0.7266168656771458
f501a67816ea1e428dc2b4ffd64ce8da	d__Bacteria; p__Bacteroidota; c__Bacteroidia; o__Chitinophagales; f__Chitinophagaceae	0.9999874335041355
69ca20aef52189f9db23b61677e4727b	d__Bacteria; p__Proteobacteria; c__Gammaproteobacteria; o__Pasteurellales; f__Pasteurellaceae	0.9999150846624445
6db03b315286ceedcf286173365c4a8a	d__Bacteria; p__Synergistota; c__Synergistia; o__Synergistales; f__Synergistaceae; g__Fretibacterium	0.983064918136872
a0521b948561262202ea42b37077d782	d__Bacteria; p__Planctomycetota; c__Planctomycetes; o__Pirellulales; f__Pirellulaceae; g__Pir4_lineage	0.8290249680934147
06215f9952ecabd23b948d49be28859a	d__Bacteria; p__Bacteroidota; c__Bacteroidia; o__Bacteroidales; f__Porphyromonadaceae; g__Porphyromonas	0.998704367013676
fe2a1474310d0451329424c9495a4d18	d__Bacteria; p__Firmicutes; c__Clostridia	0.9540090460098154
03173a5f9a0103073a2f0427f8f56257	d__Bacteria; p__Firmicutes; c__Clostridia; o__Christensenellales; f__Christensenellaceae; g__Christensenellaceae_R-7_group	0.9585942810362028
d8f2549e0a2608a9edb5cce4c6bfda44	d__Bacteria; p__Actinobacteriota; c__Actinobacteria; o__Actinomycetales; f__Actinomycetaceae; g__Actinomyces	0.8164292618987491
180a6a9938879e61f990146036bbef55	d__Bacteria; p__Proteobacteria; c__Alphaproteobacteria	0.936334062367481
0d89a9265f5e83b7dc950ceef5a1ff5a	d__Bacteria; p__Bacteroidota; c__Bacteroidia; o__Cytophagales; f__Microscillaceae; g__uncultured	0.7721220285556722
ec5a7af33af311954e4e016368d4acb4	d__Bacteria; p__Actinobacteriota; c__Actinobacteria; o__Micrococcales; f__Microbacteriaceae; g__Microbacterium	0.9997564106212357
0481a9db6f6c8efb4c0805cab9d7a809	d__Bacteria; p__Actinobacteriota; c__Acidimicrobiia; o__IMCC26256; f__IMCC26256; g__IMCC26256	0.8968251166539076
4a664647fd630d59497e4a0da7eeff8a	d__Bacteria; p__Firmicutes; c__Clostridia; o__Peptostreptococcales-Tissierellales; f__Anaerovoracaceae; g__[Eubacterium]_nodatum_group	0.8841488562193633
60a3e4d0d46ffc271b622aa5c2339ca0	d__Bacteria; p__Proteobacteria; c__Gammaproteobacteria; o__Burkholderiales; f__Nitrosomonadaceae; g__MND1	0.8316606241411885
7ebeed655d8ac27398e2918db7cef5fd	d__Bacteria; p__Proteobacteria; c__Alphaproteobacteria; o__Caulobacterales; f__Caulobacteraceae; g__Brevundimonas	0.9702952654924304
811031db7d8d06caa477f3a1e2dad9d5	d__Archaea; p__Euryarchaeota; c__Methanobacteria; o__Methanobacteriales; f__Methanobacteriaceae; g__Methanobrevibacter	0.9943786699523124
367828d1252889baf268e163fb21094a	d__Bacteria; p__Bacteroidota; c__Bacteroidia; o__Bacteroidales; f__Bacteroidales_Incertae_Sedis; g__Phocaeicola; s__Phocaeicola_abscessus	0.9978624337547423
a6c4fdd5386e1f71b2cf74f45352ac2b	d__Bacteria; p__Firmicutes; c__Syntrophomonadia; o__Syntrophomonadales; f__Syntrophomonadaceae; g__Pelospora; s__Syntrophomonadaceae_genomosp.	0.8802076695117697
c5f974c411ab88ef196528d7f25b331f	d__Bacteria; p__Actinobacteriota; c__Thermoleophilia; o__Solirubrobacterales; f__Solirubrobacteraceae; g__Patulibacter	0.9938243784457016
132f8c462bb175a4f21295a6e7ffb025	d__Bacteria; p__Proteobacteria; c__Gammaproteobacteria; o__Burkholderiales	0.9411255242710403
1edbcb39cbb512e15cba0a99d36fe411	d__Bacteria; p__Firmicutes; c__Bacilli; o__Bacillales; f__Bacillaceae	0.9382393597483811
2fffa5240b238ca5c44978ecd7c2f761	d__Archaea; p__Crenarchaeota; c__Nitrososphaeria; o__Nitrososphaerales; f__Nitrososphaeraceae; g__Nitrososphaeraceae; s__uncultured_compost	0.9362461102216995
0973f06f7e60e12f99daaa26517f0dce	d__Bacteria; p__Myxococcota; c__Polyangia	0.8537577896486158
e29ff19b6038a5c35f552d828fe4c790	d__Bacteria; p__Gemmatimonadota; c__Gemmatimonadetes; o__Gemmatimonadales; f__Gemmatimonadaceae; g__uncultured	0.988311962099193
68632df1e8e0294d4e5eda1119c071a9	d__Bacteria; p__Actinobacteriota; c__Acidimicrobiia	0.831769479689942
b871eb06bb0e7729be4292d3c96cfb0c	d__Bacteria; p__Proteobacteria; c__Gammaproteobacteria; o__Burkholderiales; f__Oxalobacteraceae; g__Massilia	0.8821378417878756
393fbb84760d404d0318395c36a65ea0	d__Bacteria; p__Bacteroidota; c__Bacteroidia; o__Sphingobacteriales; f__Sphingobacteriaceae; g__uncultured; s__Sphingobacterium_sp.	0.7716349108522602
f6b0b724bf9cb7b66553e763093f87b8	d__Bacteria; p__Proteobacteria; c__Gammaproteobacteria; o__Burkholderiales; f__Alcaligenaceae; g__Advenella	0.7259313151251467
b54877ae85d3230c3c240416e04b782a	d__Bacteria; p__Chloroflexi; c__Anaerolineae; o__Anaerolineales; f__Anaerolineaceae; g__Flexilinea; s__Anaerolineaceae_bacterium	0.9223485578820572
80c693683ba079be5454406b5eeac44a	d__Bacteria; p__Spirochaetota; c__Spirochaetia; o__Spirochaetales; f__Spirochaetaceae; g__Treponema	0.9999169028270298
434c6a17479c34ffeda4b93b78f356e0	d__Bacteria; p__Gemmatimonadota; c__Gemmatimonadetes; o__Gemmatimonadales; f__Gemmatimonadaceae; g__uncultured	0.8873038241076535
34ec65589765fd9d43676cd135b6b557	d__Bacteria; p__Bacteroidota; c__Bacteroidia; o__Flavobacteriales; f__Flavobacteriaceae	0.9994621483631276
35e04178223944064bf43fe63af3efe0	d__Bacteria; p__Actinobacteriota; c__Actinobacteria; o__Pseudonocardiales; f__Pseudonocardiaceae; g__Pseudonocardia	0.8429715116899882
31ea26028c0c95f56572e55e989f4442	d__Bacteria; p__Proteobacteria; c__Alphaproteobacteria; o__Rhizobiales; f__Devosiaceae; g__Devosia	0.7947962289465165
3d27a0848ab55a48ae16e527cf907aa6	d__Bacteria; p__NB1-j; c__NB1-j; o__NB1-j; f__NB1-j; g__NB1-j	0.9645646510683352
a04652abb34f82c9cca89a0dcbb880ca	d__Bacteria; p__Firmicutes; c__Clostridia; o__Eubacteriales; f__Eubacteriaceae; g__Pseudoramibacter	0.8541824126106061
cfa8cbcd680355ee7b0af04b534d3e16	d__Bacteria; p__Firmicutes; c__Bacilli; o__Paenibacillales; f__Paenibacillaceae; g__Paenibacillus	0.9789931947508618
6e057d5be84eee518a22f1f6f1df4735	d__Bacteria; p__Actinobacteriota	0.8416838359697274
f9c80a544f1d2a353c8b4d4bee9cb545	d__Bacteria; p__Proteobacteria; c__Gammaproteobacteria; o__PLTA13; f__PLTA13; g__PLTA13	0.942797359148462
c393270aed615f540e4b3e274ed01832	d__Bacteria; p__Bacteroidota; c__Bacteroidia; o__Cytophagales; f__Microscillaceae; g__uncultured	0.7625893498047024
8e9de861332f95000b4e5e5a03eb2818	d__Bacteria; p__Actinobacteriota; c__Acidimicrobiia	0.8158628377170613
d0bae02115a51ebba6fa6baa3f44ebcc	d__Bacteria; p__Actinobacteriota	0.806135315613654
4721edb1d10a4960f38ca61280ecd2fe	d__Bacteria; p__Fusobacteriota; c__Fusobacteriia; o__Fusobacteriales; f__Leptotrichiaceae; g__Leptotrichia	0.9967978698667439
6b8e74458ec130dd56ef24016899c3a4	d__Bacteria; p__Actinobacteriota; c__Thermoleophilia; o__Gaiellales	0.858981653901528
80bd1e8ba33f50dbeb04a31235bae8e7	d__Bacteria; p__Bacteroidota; c__Bacteroidia; o__Cytophagales; f__Microscillaceae	0.9976169520618186
7bca73c25d6bb9a2c7d13f95d476bb62	d__Bacteria; p__Bacteroidota; c__Bacteroidia; o__Flavobacteriales; f__Flavobacteriaceae	0.9971346522181707
1c24924467239c76c9ab9a48afecf200	d__Bacteria; p__Chloroflexi; c__Chloroflexia; o__Thermomicrobiales; f__JG30-KF-CM45; g__JG30-KF-CM45	0.9774902313181199
d0c19a9a7f695e8adc1fb47f365f069d	d__Bacteria; p__Firmicutes; c__Bacilli; o__Erysipelotrichales; f__Erysipelotrichaceae	0.9960006647258833
ef3431c1a2fed1f919462c520ea102dc	d__Bacteria; p__Firmicutes; c__Clostridia; o__Peptostreptococcales-Tissierellales; f__Anaerovoracaceae; g__Mogibacterium	0.9917879167921577
c51d7ada411a6638de903bf0dd6ebcac	d__Bacteria; p__Actinobacteriota; c__Actinobacteria; o__Actinomycetales; f__Actinomycetaceae; g__Actinomyces	0.862274516146773
f62aa367ef3bbe73cbb0b5d11df4aa17	d__Bacteria; p__Actinobacteriota; c__Actinobacteria	0.8465376578909697
f9c4cfde82931939abe68571b58c056f	d__Bacteria; p__Methylomirabilota; c__Methylomirabilia; o__Methylomirabilales; f__Methylomirabilaceae; g__wb1-A12	0.9713153559260533
59bb5d91d3ba41ad2cddc79041a9812d	d__Bacteria; p__Zixibacteria; c__Zixibacteria; o__Zixibacteria; f__Zixibacteria; g__Zixibacteria	0.8753975103848283
7d9f89813b0c9ef8304001d047a082af	d__Archaea; p__Crenarchaeota; c__Nitrososphaeria; o__Nitrosopumilales; f__Nitrosopumilaceae	0.9643966522462035
4bebd1290b2cd7650ac22e0798f38dbd	d__Bacteria; p__Proteobacteria; c__Gammaproteobacteria; o__Pasteurellales; f__Pasteurellaceae	0.9999304934638636
18ac776d49a5a97e41ea842cdad0e353	d__Bacteria; p__Actinobacteriota; c__Actinobacteria; o__Propionibacteriales; f__Nocardioidaceae; g__Nocardioides	0.9855334444980669
1e76b768354f447d6b2203982ab03dc1	d__Bacteria; p__Chloroflexi; c__Chloroflexia; o__Thermomicrobiales; f__JG30-KF-CM45; g__JG30-KF-CM45	0.9941234939209095
1e9352c924bd2e28ddb7f6d23b17a116	d__Bacteria; p__Proteobacteria; c__Gammaproteobacteria; o__PLTA13; f__PLTA13; g__PLTA13; s__uncultured_soil	0.7131493261987345
3b203185395c0131e1e357b40d03d03f	d__Bacteria; p__Actinobacteriota; c__Actinobacteria	0.9995666525875356
1b8e99f6204cdfaa8d1027120f0fa1b8	d__Bacteria; p__Bacteroidota; c__Bacteroidia; o__Flavobacteriales; f__Flavobacteriaceae; g__Capnocytophaga	0.75536803744115
bbf50f74469dd54c97936baec1e97732	d__Bacteria; p__Proteobacteria; c__Gammaproteobacteria; o__Burkholderiales	0.9827388498369204
f19bb30d3fa27e9f8461df6cf47d5498	d__Bacteria; p__Chloroflexi; c__Chloroflexia; o__Thermomicrobiales; f__JG30-KF-CM45; g__JG30-KF-CM45	0.7286115256460046
3e26ed71b95b448d933671d41ad426c1	d__Bacteria; p__Methylomirabilota; c__Methylomirabilia; o__Rokubacteriales; f__Rokubacteriales; g__Rokubacteriales	0.9502748020258446
265bb34b5f6283b48364733f1e960462	d__Bacteria; p__Planctomycetota; c__Planctomycetes; o__Gemmatales; f__Gemmataceae; g__uncultured	0.9970475634822534
70882433de4b24f0c348057c82bb09dc	d__Bacteria; p__Patescibacteria; c__Saccharimonadia; o__Saccharimonadales; f__Saccharimonadaceae	0.9516914822793869
de8d030921d49ec0f6ea5d7389d63268	d__Bacteria; p__Firmicutes; c__Clostridia; o__Lachnospirales; f__Lachnospiraceae; g__Catonella	0.9831550164781656
df2ec37506d94b86c0455e847fc3e280	d__Bacteria; p__Firmicutes; c__Bacilli; o__Bacillales; f__Bacillaceae	0.9951326772565735
704a588b83a1bb2b49eb7fcc7cb0bac8	d__Bacteria; p__Bacteroidota; c__Bacteroidia; o__Chitinophagales; f__Chitinophagaceae	0.9999746583778633
dd91562861f492bf2888417fd0475efc	d__Bacteria; p__Proteobacteria; c__Alphaproteobacteria; o__Rhizobiales; f__Kaistiaceae; g__Kaistia	0.8486731355406026
6e5161b9d5d87613acfeddf3c6a93864	d__Bacteria; p__Proteobacteria; c__Gammaproteobacteria; o__Burkholderiales; f__Comamonadaceae	0.9831664518427173
68fd59cdb503e9448b97705d744aa9f6	d__Bacteria; p__Proteobacteria; c__Alphaproteobacteria; o__Rhizobiales; f__Beijerinckiaceae	0.8887693537352851
1227c8f71245f4e8de996fe0c9334080	d__Bacteria; p__Planctomycetota; c__Planctomycetes; o__Pirellulales; f__Pirellulaceae; g__Pir4_lineage	0.960021847020955
389739fed22294aa25ba2f4552d7fc9f	d__Bacteria; p__Actinobacteriota	0.9888513936957339
6eb2e74954ee5e8fb880dfdd03989166	d__Bacteria; p__Proteobacteria; c__Gammaproteobacteria; o__Salinisphaerales; f__Solimonadaceae; g__Panacagrimonas	0.738415389929916
4d4c4b45daab81ddbb605672ec203935	d__Bacteria; p__Actinobacteriota; c__Actinobacteria	0.9520032511628745
8991bf70a3f06f9531d9a96e18d771c3	d__Bacteria; p__Proteobacteria; c__Alphaproteobacteria; o__Rhizobiales; f__Devosiaceae; g__Devosia	0.7118740222255034
448a8e2e36de7d482bedb7c09eb7b8c0	d__Bacteria; p__Proteobacteria; c__Alphaproteobacteria; o__Caulobacterales; f__Caulobacteraceae	0.9928666306977597
a516a7dc353b93748f87c043d4a04e27	d__Bacteria; p__Actinobacteriota; c__Actinobacteria; o__Propionibacteriales; f__Nocardioidaceae; g__Nocardioides	0.9655690455444156
05d4433d0f88287cb051022690227042	d__Bacteria; p__Proteobacteria; c__Gammaproteobacteria; o__Pseudomonadales; f__Pseudomonadaceae; g__Pseudomonas	0.9492424045031375
d8ad6f43d8507092efb6946d6ebdb51d	d__Bacteria; p__Proteobacteria; c__Alphaproteobacteria; o__Rhizobiales; f__Rhizobiaceae	0.9820966562517078
01ede6a84b9f4404884fd5f2888a9fac	d__Bacteria; p__Actinobacteriota; c__Coriobacteriia; o__Coriobacteriales; f__Eggerthellaceae	0.955294467975713
e1dabbd142ea4cfebd2b7b82917988f3	d__Bacteria; p__Chloroflexi; c__Chloroflexia; o__Thermomicrobiales; f__Thermomicrobiaceae; g__Nitrolancea; s__uncultured_bacterium	0.7110957112523966
5fe8bc0f97076881ad28167713c82fe8	d__Bacteria; p__Acidobacteriota; c__Holophagae; o__Subgroup_7; f__Subgroup_7; g__Subgroup_7	0.9985795594523975
04bccba40cf7c05547f19495b542b37f	d__Bacteria; p__Firmicutes; c__Clostridia; o__Lachnospirales; f__Lachnospiraceae; g__Lachnoanaerobaculum	0.9933840964378681
6a10ee5f6304242ff04b3901a982e004	d__Bacteria; p__Methylomirabilota; c__Methylomirabilia; o__Rokubacteriales; f__WX65; g__WX65	0.9834300044559741
dd00fe41ec71a53e6733db499a890faf	d__Bacteria; p__Firmicutes; c__Clostridia; o__Peptococcales; f__Peptococcaceae; g__Peptococcus	0.9992305943003764
1d27bddd9148659e8a5e8f1352da4b18	d__Bacteria; p__Firmicutes; c__Negativicutes; o__Veillonellales-Selenomonadales; f__Selenomonadaceae; g__Selenomonas	0.7398964696581417
ceb8faabddfc8940a1ff56abd848e6fe	d__Bacteria; p__Proteobacteria; c__Alphaproteobacteria; o__Rhizobiales; f__Methyloligellaceae	0.9946072426160424
89f5d5fb3befe568f0d49b8e5cb52499	d__Bacteria; p__Nitrospirota; c__Nitrospiria; o__Nitrospirales; f__Nitrospiraceae; g__Nitrospira	0.9985686939887098
1ef89cd0d17b92264bd1244c59c1b622	d__Bacteria; p__Dadabacteria; c__Dadabacteriia; o__Dadabacteriales; f__Dadabacteriales; g__Dadabacteriales	0.9900879534230929
3c8bb71d557fd7482f8ad8d0991d91c4	d__Bacteria; p__Actinobacteriota; c__Actinobacteria; o__Frankiales; f__uncultured; g__uncultured	0.9199123725926179
f5ab7b881030832859f1811034f71516	d__Bacteria; p__Actinobacteriota; c__Actinobacteria; o__Streptosporangiales; f__Streptosporangiaceae; g__Nonomuraea	0.9143128217200359
5cfee5ff52c192f03ba226d141c5a5b9	d__Bacteria; p__Actinobacteriota; c__Actinobacteria; o__Corynebacteriales; f__Mycobacteriaceae; g__Mycobacterium	0.8679532426369079
48ed0e8a8289d3f17a452d26109368aa	d__Bacteria	0.9920493304214557
48bb6b7c704bda9d761c4920019c00f1	d__Archaea; p__Crenarchaeota; c__Nitrososphaeria; o__Nitrososphaerales; f__Nitrososphaeraceae; g__Nitrososphaeraceae; s__uncultured_euryarchaeote	0.7778496636834976
92e1b1e626c90b0cebc7c91aee0201f8	d__Bacteria; p__Chloroflexi; c__Anaerolineae; o__Anaerolineales; f__Anaerolineaceae; g__Flexilinea; s__Chloroflexi_bacterium	0.9913220778200736
39734d903ee84508c80e1b752c7b079c	d__Bacteria; p__Bacteroidota; c__Bacteroidia; o__Flavobacteriales; f__Weeksellaceae; g__Bergeyella; s__uncultured_bacterium	0.7709423691687233
4d986e9b96b6c3b190e32fe3e92275a0	d__Bacteria; p__Bacteroidota; c__Bacteroidia; o__Bacteroidales; f__Tannerellaceae	0.9828667114803604
42f3d4c0b88262626470be0e4251778f	d__Bacteria; p__Proteobacteria; c__Alphaproteobacteria; o__Rhizobiales; f__Xanthobacteraceae	0.8161534558442157
187d2d873d83d6e881e1d1e3e095dc78	d__Bacteria; p__Firmicutes; c__Clostridia; o__Clostridiales; f__Clostridiaceae; g__Clostridium_sensu_stricto_15	0.8190550280112414
a0cd845ee1e48512466d1b97f6eaedb3	d__Bacteria	0.9854426952923514
4b39aa45ad96b9e5f5d6f4fd3779198f	d__Bacteria; p__Planctomycetota; c__Planctomycetes; o__Pirellulales; f__Pirellulaceae; g__uncultured	0.7412935282658482
5cf3b70e108f165a23f2ddba5c73f34e	d__Bacteria; p__Proteobacteria; c__Gammaproteobacteria	0.8853423028817492
cf9b0b03f5e9dd5bea62fa75e5cc42ca	d__Bacteria; p__Proteobacteria; c__Gammaproteobacteria; o__Immundisolibacterales; f__Immundisolibacteraceae; g__Immundisolibacter	0.7111438899766518
09827f082f89a522f4194f586ccfdee9	d__Bacteria	0.9979779213319766
926dcdbe797973d43779b20e71badd46	d__Bacteria; p__Actinobacteriota; c__Coriobacteriia; o__Coriobacteriales; f__Atopobiaceae; g__Atopobium	0.946261365722825
63a2a17b9eda2969af2e9a3a12108354	d__Bacteria; p__Firmicutes; c__Clostridia; o__Lachnospirales; f__Lachnospiraceae	0.9898194525315657
9d1ba6405906e33cd5c6338b11914d90	d__Bacteria; p__Actinobacteriota; c__Actinobacteria; o__Propionibacteriales; f__Nocardioidaceae	0.8423189437620904
1a49bf43db07e0976bde52259fa2b152	d__Bacteria; p__Bacteroidota; c__Bacteroidia; o__Sphingobacteriales; f__Sphingobacteriaceae	0.9815591814844146
1bc8caa9202dfeb5c1314ea8c7386d02	d__Bacteria; p__Bacteroidota; c__Kryptonia; o__Kryptoniales; f__BSV26; g__BSV26; s__Ignavibacteria_bacterium	0.9984679539706302
da1ddb0067cf212c5040630c91f36d72	d__Bacteria	0.9996415635304323
78c76e843968d725699a6667c740b0ff	d__Bacteria; p__Planctomycetota; c__Planctomycetes; o__Gemmatales; f__Gemmataceae; g__uncultured	0.9254317856036962
cc77d9e88382d849aab3cda3c4193d54	d__Bacteria; p__Firmicutes; c__Clostridia; o__Clostridia_UCG-014; f__Clostridia_UCG-014; g__Clostridia_UCG-014; s__Clostridiales_bacterium	0.9493403055469887
ca8bdd0422cc65524b5aa61270fbbb78	d__Bacteria; p__Proteobacteria; c__Gammaproteobacteria; o__Burkholderiales; f__Nitrosomonadaceae; g__MND1	0.9977327929570539
76b728bcaef936d326e5e382f4857bfb	d__Bacteria; p__Proteobacteria; c__Gammaproteobacteria; o__Burkholderiales	0.8847100572572368
38c92d30359706165e02cedfe3957eb0	d__Bacteria; p__Proteobacteria; c__Gammaproteobacteria; o__Xanthomonadales; f__Xanthomonadaceae; g__Lysobacter	0.9247142051208816
33a1216469edaa3c5944f6ebedc9670a	d__Bacteria; p__Proteobacteria; c__Gammaproteobacteria; o__Burkholderiales; f__Nitrosomonadaceae; g__IS-44	0.9378261771621155
b95bb4c417c98764de606e5ea30a310c	d__Bacteria	0.9998875141077331
aa7780d78aa0cfbf93bfb7ee64a1e924	d__Bacteria; p__Spirochaetota; c__Spirochaetia; o__Spirochaetales; f__Spirochaetaceae; g__Treponema; s__Treponema_maltophilum	0.9965744614122961
b47a46b1602991c0cea3e3ed70675b09	d__Bacteria; p__Actinobacteriota; c__Actinobacteria	0.9994721129449591
59d5b4b2327d75fea4badf59b8133c6e	d__Bacteria; p__Latescibacterota; c__Latescibacterota; o__Latescibacterota; f__Latescibacterota; g__Latescibacterota	0.801322406878955
385f03930f826c4cc9746be1aa1099a0	d__Bacteria; p__Planctomycetota; c__Phycisphaerae; o__Phycisphaerales; f__Phycisphaeraceae	0.9135523382101909
a80f7bb2977b574ca84095700571b7a1	d__Bacteria	0.9995407899647071
c912b09aa6dc843c7b540206cdab1330	d__Bacteria; p__Latescibacterota; c__Latescibacterota; o__Latescibacterota; f__Latescibacterota; g__Latescibacterota	0.9938190529798644
2c91f4d0885e23406c691c702a4cfe7c	d__Bacteria; p__Proteobacteria; c__Gammaproteobacteria	0.9265465334877137
2fd716ebb0445e0fda34195b1fa3788f	d__Archaea; p__Crenarchaeota; c__Nitrososphaeria; o__Nitrososphaerales; f__Nitrososphaeraceae; g__Nitrososphaeraceae; s__uncultured_compost	0.753988500158451
0af7fe09f325b5203a4b30c935445b1d	d__Bacteria; p__Acidobacteriota; c__Vicinamibacteria; o__Vicinamibacterales; f__Vicinamibacteraceae; g__Vicinamibacteraceae	0.8178289029186373
56a55b9594ae0c4979c79ac371041e5a	d__Bacteria; p__Desulfobacterota; c__Desulfovibrionia; o__Desulfovibrionales; f__Desulfomicrobiaceae; g__Desulfomicrobium; s__Desulfomicrobium_orale	0.9092898102255633
930e03cbc2f5eef7760b96fd8229a03a	d__Bacteria; p__Firmicutes; c__Clostridia; o__Lachnospirales; f__Lachnospiraceae	0.9973163245069421
521a70377ef820b019dee57eb8b5a0f8	d__Bacteria; p__Fusobacteriota; c__Fusobacteriia; o__Fusobacteriales; f__Leptotrichiaceae; g__Leptotrichia; s__uncultured_organism	0.7082729606735401
f7168d7b5980a0b89159028682898deb	d__Bacteria; p__Firmicutes	0.9157732218487645
1b53f3bd1d22407f7f9a719a835c21b4	d__Bacteria; p__Proteobacteria; c__Alphaproteobacteria; o__Rhizobiales; f__Xanthobacteraceae	0.9096984861053206
4823c2a90273aea988f0c4128f8a7fc9	d__Bacteria; p__Patescibacteria; c__Berkelbacteria; o__Berkelbacteria; f__Berkelbacteria; g__Berkelbacteria	0.909362223885248
1d5506f847747b23f3657e89aee2b434	d__Bacteria; p__Firmicutes; c__Clostridia; o__Lachnospirales; f__Lachnospiraceae; g__Lachnoanaerobaculum	0.9250791168639504
e95806975abb134addc7defb23aa3f64	d__Bacteria; p__Actinobacteriota; c__Coriobacteriia; o__Coriobacteriales; f__Atopobiaceae; g__Olsenella	0.7107313331169859
cfa6c2ccf59ec1effdbac35bb1df0406	d__Bacteria; p__Campilobacterota; c__Campylobacteria; o__Campylobacterales; f__Sulfurimonadaceae; g__Sulfurimonas; s__Sulfurimonas_denitrificans	0.879136745241931
c9a5abab99011302a549b8f5e97dee39	d__Bacteria; p__Proteobacteria; c__Gammaproteobacteria; o__Burkholderiales	0.9818135207735629
359df1a652e0a4eb74534456cf908cf6	d__Bacteria; p__Proteobacteria; c__Alphaproteobacteria	0.9516200976939582
311f66e1cc651f5a3b9e50319218e7a9	d__Bacteria; p__Planctomycetota; c__Phycisphaerae	0.9235685374700608
0a84ee95e144d2490dbc511f87e5cd99	d__Bacteria; p__Proteobacteria; c__Gammaproteobacteria; o__Burkholderiales; f__Rhodocyclaceae	0.9784816820231719
ffeea51594f0e453244075febda9b222	d__Bacteria; p__Synergistota; c__Synergistia; o__Synergistales; f__Synergistaceae; g__Candidatus_Tammella; s__Synergistales_bacterium	0.8669890360928164
c4771a613423a2649c5025689bc910fe	d__Bacteria; p__Actinobacteriota; c__Thermoleophilia; o__Solirubrobacterales; f__67-14; g__67-14	0.957744789115978
b4b529f1905241f1de1cfeb1cb0af99c	d__Bacteria; p__Proteobacteria; c__Gammaproteobacteria; o__Burkholderiales; f__Nitrosomonadaceae; g__IS-44	0.8475327629832963
55848ef102c86b07ceb291fb951951b0	d__Bacteria; p__Actinobacteriota; c__Acidimicrobiia	0.8181208484788389
dbb5a5c405d1d79a32c3aacd485a5a2b	d__Bacteria; p__Acidobacteriota; c__Thermoanaerobaculia; o__Thermoanaerobaculales; f__Thermoanaerobaculaceae; g__Subgroup_10	0.9832483115869051
fbe3bc796e5ec81590a22764f8761449	d__Bacteria; p__Latescibacterota; c__Latescibacteria; o__Latescibacterales; f__Latescibacteraceae; g__Latescibacteraceae	0.8662689134804183
1e3157193f3b15ca8146bf3f9d276e28	d__Bacteria; p__Fusobacteriota; c__Fusobacteriia; o__Fusobacteriales; f__Leptotrichiaceae; g__Leptotrichia	0.9995733764519972
46fb6404a102d62440df37c761b1b0ef	d__Bacteria; p__Proteobacteria; c__Alphaproteobacteria; o__Rhizobiales	0.9905470530531999
608a3d3ce13be90d1bbe503c71bb4718	d__Bacteria; p__Proteobacteria; c__Alphaproteobacteria; o__Caulobacterales; f__Caulobacteraceae; g__Brevundimonas	0.9963768547997484
cf54d592c0c0bf6f381f1f4247c46e03	d__Bacteria; p__Proteobacteria; c__Alphaproteobacteria; o__Rhizobiales; f__Xanthobacteraceae	0.7372062487691622
913d02e26fa0e0e67798781a0c4e3195	d__Bacteria; p__Actinobacteriota; c__MB-A2-108; o__MB-A2-108; f__MB-A2-108; g__MB-A2-108; s__metagenome	0.7810294878904472
41bb725e655a0ca26044e072a2584e7f	d__Bacteria; p__Planctomycetota; c__Planctomycetes; o__Pirellulales; f__Pirellulaceae; g__Pir4_lineage; s__uncultured_sludge	0.805639168173978
5e6bff3e0d237be9d30479545853b036	d__Bacteria; p__Proteobacteria; c__Alphaproteobacteria; o__Rhizobiales; f__Rhizobiales_Incertae_Sedis	0.7963042830073235
f2565af7300710f6258846430c80bb6e	d__Bacteria; p__Firmicutes; c__Clostridia; o__Christensenellales; f__Christensenellaceae; g__Christensenellaceae_R-7_group	0.9454446353081154
3a7dbc443a5c44a6ff6ae5cc3acaef73	d__Bacteria; p__Actinobacteriota; c__Actinobacteria; o__Corynebacteriales; f__Corynebacteriaceae; g__Corynebacterium; s__Corynebacterium_matruchotii	0.7932975308200725
3023da26dffe757975f0e3a81a5ef592	d__Bacteria; p__Patescibacteria; c__Saccharimonadia; o__Saccharimonadales	0.9995662314197373
8c661f51c0064ede0f8ef0e34e9eb45d	d__Bacteria; p__Elusimicrobiota; c__Endomicrobia; o__Endomicrobiales; f__Endomicrobiaceae; g__Endomicrobium	0.9978981140557083
b81880ea871aa0b59a66e42465e71dd6	d__Bacteria; p__Campilobacterota; c__Campylobacteria; o__Campylobacterales; f__Campylobacteraceae; g__Campylobacter	0.8373406232269014
f88fabff83f18a74a3653d132e67a892	d__Bacteria; p__Bacteroidota; c__Bacteroidia; o__Chitinophagales; f__Chitinophagaceae	0.9469123721371128
c3ed0a9a496d65081221b6b8d7392cad	d__Bacteria; p__Bacteroidota; c__Bacteroidia; o__Sphingobacteriales; f__Sphingobacteriaceae; g__Sphingobacterium	0.8934799930319021
7e2824cc11db62a2a67b5ed82cbd61f1	d__Bacteria; p__Acidobacteriota; c__Acidobacteriae; o__PAUC26f; f__PAUC26f; g__PAUC26f; s__uncultured_Solibacteraceae	0.9968082458365116
29b92faf88559063c5204a461936039b	d__Bacteria; p__Firmicutes; c__Bacilli	0.9474091207777292
3e034e891ac45f40ac4a58329890f4a4	d__Bacteria; p__Bacteroidota; c__Bacteroidia; o__Flavobacteriales; f__Weeksellaceae; g__Bergeyella; s__uncultured_Bergeyella	0.9663222163179143
f40732cae6f3a29865e58826b2951a87	d__Bacteria	0.9999980057179756
382d76afbaff59af0461612642a9830e	d__Bacteria; p__Bacteroidota; c__Bacteroidia; o__Chitinophagales; f__Chitinophagaceae; g__Arachidicoccus	0.8759888807288775
20663eb0417d0f1a2de34b959ee6bbbb	d__Bacteria; p__Verrucomicrobiota; c__Verrucomicrobiae; o__Verrucomicrobiales; f__Rubritaleaceae; g__Luteolibacter	0.9795662427643855
6f541864c7adf1217b7452d8ba3a6c1c	d__Bacteria; p__Planctomycetota; c__Planctomycetes; o__Pirellulales; f__Pirellulaceae	0.884633826594586
777949ad9f9e0e35b293c1c22e695771	d__Bacteria; p__Firmicutes; c__Clostridia; o__Christensenellales; f__Christensenellaceae; g__Christensenellaceae_R-7_group	0.9320076371354786
22f661fd90e0176ea3641cdf8b0035f4	d__Bacteria; p__Bacteroidota; c__Bacteroidia; o__Bacteroidales; f__Prevotellaceae; g__Prevotella; s__Prevotella_loescheii	0.9899607838057116
aa9c76fe3feb01b55095dea5c135c132	d__Bacteria; p__Actinobacteriota; c__Actinobacteria; o__Micrococcales	0.773044201076667
e22ba91eebb129ae55a4198ed27fe75e	d__Bacteria; p__Bdellovibrionota; c__Bdellovibrionia; o__Bacteriovoracales; f__Bacteriovoracaceae; g__uncultured; s__Bacteriovorax_sp.	0.7668303832914498
1d267d9a5e5ead67d0ed46825d84b49c	d__Bacteria; p__Bacteroidota; c__Bacteroidia; o__Flavobacteriales; f__Flavobacteriaceae	0.9730080999937623
d140a45dbf8bbd0bdc9aac3c454ccd05	d__Bacteria; p__Bacteroidota; c__Bacteroidia; o__Sphingobacteriales; f__Sphingobacteriaceae	0.9769732377642334
786b7021a023910ea67d659753dc5729	d__Bacteria; p__Acidobacteriota; c__Vicinamibacteria; o__Subgroup_17; f__Subgroup_17; g__Subgroup_17	0.9976025982615001
4c41fd296925129f1f46a331cd0e2d0e	d__Bacteria; p__Bacteroidota; c__Bacteroidia; o__Flavobacteriales; f__Flavobacteriaceae	0.9996568769693333
536f2016e01ad0a18578d9f1ad896a41	d__Archaea; p__Crenarchaeota; c__Nitrososphaeria; o__Nitrososphaerales; f__Nitrososphaeraceae; g__Candidatus_Nitrososphaera	0.9635070032625832
a04ce9af5421aacf6c550b63b5a81582	d__Bacteria; p__Acidobacteriota; c__Subgroup_22; o__Subgroup_22; f__Subgroup_22; g__Subgroup_22	0.9988362377656244
5baeac5b8323b318135bfbad8f1ca8c3	d__Bacteria; p__Nitrospirota; c__Nitrospiria; o__Nitrospirales; f__Nitrospiraceae; g__Nitrospira	0.9903628678287136
5134a9c8faa8b7d46f93ec6c7759fbd3	d__Bacteria; p__Proteobacteria; c__Gammaproteobacteria	0.9247881245550075
3e1ac265636259c8afde0a75b153704a	d__Bacteria; p__Proteobacteria; c__Gammaproteobacteria; o__Burkholderiales; f__Rhodocyclaceae	0.9631326680751092
877035cf2c3a4a12c6a83e6e5a053fdc	d__Bacteria; p__Firmicutes; c__Bacilli; o__RF39; f__RF39; g__RF39	0.7950832281459718
9760fbaeb82d093fac8e11596a369519	d__Bacteria; p__Proteobacteria; c__Gammaproteobacteria	0.9795282606109733
33f8663560b941e70c1c6fcd8bb0f0ee	d__Bacteria; p__Planctomycetota; c__Planctomycetes; o__Pirellulales; f__Pirellulaceae; g__uncultured; s__uncultured_Planctomycetaceae	0.7905654388796848
788acc3ea366edaea195a3f8d57c078b	d__Bacteria; p__Proteobacteria; c__Gammaproteobacteria; o__Burkholderiales; f__Comamonadaceae	0.9960936943680604
75fea68bc4ef53dbd2ec520fec172e35	d__Bacteria; p__Planctomycetota; c__Planctomycetes; o__Pirellulales; f__Pirellulaceae; g__Pir4_lineage	0.751108864854992
a90899d75d263e9691a1abd12db49caf	d__Bacteria	0.9956283210164715
f729f327dc5260097a38b1441747987f	d__Bacteria; p__Planctomycetota; c__Planctomycetes; o__Planctomycetales; f__uncultured; g__uncultured	0.7822194614166778
e98401a92acbc4f33edc54342a5a4c25	d__Bacteria; p__Proteobacteria; c__Gammaproteobacteria; o__Burkholderiales; f__Nitrosomonadaceae; g__MND1	0.9970882169278458
827978d2518ab18f2f1781fb169c717e	d__Bacteria; p__Verrucomicrobiota; c__Chlamydiae; o__Chlamydiales	0.9982592925753327
416d47c67813a8bdd56653b73320220c	d__Bacteria; p__Proteobacteria; c__Alphaproteobacteria; o__Rhizobiales	0.9696130751512915
7633da5aea330929a5a91150afd17372	d__Bacteria; p__Chloroflexi; c__Anaerolineae; o__Caldilineales; f__Caldilineaceae; g__Litorilinea; s__uncultured_bacterium	0.9126372448179846
d720d818bdd756f2f22ff50e8cfbe683	d__Bacteria; p__Gemmatimonadota; c__Gemmatimonadetes; o__Gemmatimonadales; f__Gemmatimonadaceae; g__uncultured	0.7193657929691168
fb329169056dd9fd5e9d355ba6dc77d1	d__Bacteria; p__Proteobacteria; c__Alphaproteobacteria; o__Sphingomonadales; f__Sphingomonadaceae; g__Sphingopyxis	0.7354043340396493
864b16061d35eb1c57443bcc63500b5b	d__Bacteria; p__Dependentiae; c__Babeliae; o__Babeliales	0.7946230928067123
b8a22c20fdae8f586ddb14f46086e76b	d__Bacteria	0.999489428009313
493f8557def9fb769aa8fc2a205f5102	d__Bacteria; p__Bacteroidota; c__Bacteroidia; o__Flavobacteriales; f__Flavobacteriaceae	0.9993217386195323
5a7200d8a1460e0bec26a5795bc6a318	d__Bacteria; p__Proteobacteria; c__Gammaproteobacteria; o__Pseudomonadales; f__Pseudomonadaceae; g__Pseudomonas	0.88402630998962
afe761dde795930b4ded4199135e9fcc	d__Bacteria; p__Proteobacteria; c__Gammaproteobacteria	0.7125349995916271
be9b870423f096a360395a92734e8df3	d__Bacteria; p__Planctomycetota; c__Planctomycetes	0.8572073116254838
ec19242346e16f1eba509c9b96a529de	d__Bacteria; p__Proteobacteria; c__Alphaproteobacteria; o__Azospirillales	0.8827474597425438
5704ce65dd8428d928981213f889f781	d__Bacteria; p__Planctomycetota; c__Planctomycetes; o__Gemmatales; f__Gemmataceae; g__uncultured	0.8648849892932057
6530154e1363e8479e477fa77439ada2	d__Bacteria; p__Proteobacteria; c__Gammaproteobacteria; o__Burkholderiales; f__Comamonadaceae; g__Polaromonas	0.7140365219397967
0ae6bf3c1abaf4f86662d6e992accd01	d__Bacteria; p__Planctomycetota; c__Planctomycetes; o__Planctomycetales; f__Rubinisphaeraceae; g__SH-PL14; s__uncultured_Planctomycetaceae	0.7621517933179733
294f13a6c00b2af4f44d9a2d520b0b30	d__Bacteria; p__Bacteroidota; c__Bacteroidia; o__Bacteroidales; f__Prevotellaceae; g__Prevotella; s__Prevotella_loescheii	0.9402312864396674
4aa4b36458f057bab7f1d3721b231bea	d__Bacteria; p__Bacteroidota; c__Bacteroidia; o__Cytophagales; f__Spirosomaceae; g__Persicitalea	0.8089434342634426
dcef28816301b76e772db63a52d50c40	d__Bacteria; p__Proteobacteria; c__Alphaproteobacteria; o__Rhizobiales; f__Rhizobiaceae; g__Shinella	0.7984792355550467
ddaead93183dfa2a4d931be19c49e3de	d__Bacteria; p__Bacteroidota; c__Bacteroidia; o__Sphingobacteriales; f__Sphingobacteriaceae	0.9996090844815331
8bb057c700cfd895a958d83425d2002e	d__Bacteria; p__Actinobacteriota; c__Actinobacteria; o__Corynebacteriales; f__Nocardiaceae; g__Gordonia	0.8571496596478799
aabb936bfa2ed24f6a72d35739ab819b	d__Bacteria; p__Bacteroidota; c__Bacteroidia; o__Cytophagales; f__Microscillaceae; g__Chryseolinea	0.826912871855937
923315db167248c8e20b4da5140bab66	d__Bacteria; p__Proteobacteria; c__Alphaproteobacteria; o__Rhizobiales	0.903010597166261
0bba218b6db3d8b642a9ca8eef4d15f9	d__Bacteria; p__Proteobacteria; c__Gammaproteobacteria; o__Burkholderiales; f__Oxalobacteraceae	0.9901904165515611
5bf82fbaed686b4d2dd731960c051934	d__Bacteria; p__Planctomycetota; c__Planctomycetes	0.9544881951035596
7637f793de955e69d38f9c1c0d63ff65	d__Archaea; p__Crenarchaeota; c__Nitrososphaeria; o__Nitrososphaerales; f__Nitrososphaeraceae; g__Candidatus_Nitrososphaera; s__uncultured_soil	0.9531960028206213
35abe6150a5ad887b065f28a801c020c	d__Bacteria; p__Proteobacteria	0.8776584388608973
ed53648a2b0de6284662f3c63eaab4dc	d__Bacteria; p__Verrucomicrobiota; c__Chlamydiae; o__Chlamydiales; f__Simkaniaceae	0.7212061854513088
d9da3086eeabb94913ccbc02f42ddc3e	d__Bacteria; p__Proteobacteria; c__Alphaproteobacteria; o__Reyranellales; f__Reyranellaceae; g__uncultured; s__uncultured_Rhodospirillales	0.9680149625880405
958abb11d9368bd0624fa8438dc486e3	d__Bacteria; p__Planctomycetota; c__Planctomycetes; o__Pirellulales; f__Pirellulaceae; g__uncultured	0.7169188639382759
55c69025be2c840097149365c451dc23	d__Bacteria; p__Firmicutes; c__Bacilli; o__Paenibacillales; f__Paenibacillaceae; g__Paenibacillus	0.9601327774594889
5a1bb2870908a3258c705b9ecd215c20	d__Bacteria; p__Proteobacteria; c__Gammaproteobacteria; o__Pasteurellales; f__Pasteurellaceae	0.9985282795113862
437a04b7459b84c0d18aa676f8ffac25	d__Bacteria; p__Firmicutes; c__Clostridia; o__Peptostreptococcales-Tissierellales; f__Peptostreptococcales-Tissierellales; g__Murdochiella; s__uncultured_Peptostreptococcaceae	0.9907801188256425
c78dd0c3a7d0d110f46fd7ad6e1683b3	d__Bacteria	0.9952190810206942
9b922dbc4dce04c726ddad0be2d911de	d__Bacteria; p__Planctomycetota; c__Planctomycetes; o__Planctomycetales; f__Rubinisphaeraceae; g__Planctomicrobium; s__uncultured_bacterium	0.718467240630289
4e10f22fb213edbf1a71b708322f1d91	d__Bacteria; p__Proteobacteria; c__Gammaproteobacteria; o__Nitrosococcales; f__Methylophagaceae; g__uncultured	0.9111339027423139
715bc4c146f0cffb7389a19caea77ced	d__Bacteria; p__Firmicutes; c__Clostridia; o__Lachnospirales; f__Lachnospiraceae	0.9975780034407739
af4ba124b6417691f2d08410124c2bad	d__Bacteria; p__Proteobacteria; c__Gammaproteobacteria; o__Legionellales; f__Legionellaceae; g__Legionella	0.9912666555918734
08418d4597566509255febc029df3564	d__Bacteria; p__Planctomycetota; c__Planctomycetes; o__Pirellulales; f__Pirellulaceae; g__Pir4_lineage	0.8945393157942182
a5383af5018030fbd30245daf1e630b1	d__Bacteria; p__Proteobacteria; c__Gammaproteobacteria; o__Xanthomonadales; f__Xanthomonadaceae; g__Lysobacter; s__Lysobacter_terrae	0.8349001773678273
74edb8726aadbc7a07ee01fec93db7fd	d__Bacteria; p__Firmicutes; c__Bacilli; o__Paenibacillales; f__Paenibacillaceae; g__Paenibacillus	0.9923530438378705
8439fecdc0cae6070c046115732ddbf7	d__Bacteria; p__NB1-j; c__NB1-j; o__NB1-j; f__NB1-j; g__NB1-j; s__uncultured_Green	0.7550910715443913
fa42f75b893a43167cc434ca09832f0f	d__Bacteria; p__Actinobacteriota; c__Actinobacteria; o__Corynebacteriales; f__Corynebacteriaceae; g__Corynebacterium; s__Corynebacterium_durum	0.9064600296199815
6ba33fa42b1b11c6519ecdb1d1455a97	d__Bacteria; p__Synergistota; c__Synergistia; o__Synergistales; f__Synergistaceae; g__Pyramidobacter	0.9994954577463809
da38d6af1838d4ba9dbe12bd9e0ec0b1	d__Bacteria; p__Proteobacteria; c__Gammaproteobacteria; o__Salinisphaerales; f__Solimonadaceae	0.9980266632058546
6ecef60655fffa41c64f5dce406b51ee	d__Bacteria; p__Bacteroidota; c__Bacteroidia; o__Bacteroidales; f__Rikenellaceae; g__Rikenellaceae_RC9_gut_group; s__Bacteroidia_bacterium	0.8667709936157801
1eaadadb048f2e070dcca56b3634ed92	d__Bacteria; p__Acidobacteriota; c__Thermoanaerobaculia; o__Thermoanaerobaculales; f__Thermoanaerobaculaceae; g__Subgroup_10	0.8156558242028606
a1b0fd438d4b002964f5d54167b0dab6	d__Bacteria; p__Bacteroidota; c__Bacteroidia; o__Sphingobacteriales; f__NS11-12_marine_group; g__NS11-12_marine_group	0.9929739774443066
f91f30f04c3c448e9dea4184a44156c4	d__Bacteria; p__Acidobacteriota; c__Subgroup_25; o__Subgroup_25; f__Subgroup_25; g__Subgroup_25; s__uncultured_Acidobacteria	0.7202170422329703
c88160e00cbc662ef0d9162d5ab352c4	d__Bacteria; p__Proteobacteria; c__Alphaproteobacteria; o__Sphingomonadales; f__Sphingomonadaceae; g__Sphingorhabdus	0.9814951536670588
3bce136f47e04e8d6a8e880d28f2a18b	d__Bacteria	0.999359429555784
9c7eee9c022206e8aa093820b7548bcf	d__Bacteria; p__Dependentiae; c__Babeliae; o__Babeliales; f__Vermiphilaceae; g__Vermiphilaceae	0.7781729176320152
179172a6e95994ca6135b3d084b13318	d__Bacteria	0.9529720902460287
2808d6b4d55483ed9ceaab3487e98ac6	d__Bacteria; p__Actinobacteriota; c__Actinobacteria; o__Pseudonocardiales; f__Pseudonocardiaceae; g__Saccharopolyspora	0.7679874663722149
538211a73fde18b6ac09a94682d282fa	d__Bacteria; p__Acidobacteriota; c__Acidobacteriae; o__PAUC26f; f__PAUC26f; g__PAUC26f	0.9055572370649363
539c95424556291e7fff99d1af59cf87	d__Bacteria; p__Planctomycetota; c__Planctomycetes; o__Planctomycetales; f__Schlesneriaceae; g__Planctopirus	0.95616412011054
66361a9d0e1f42adb219359d8b560b18	d__Bacteria	0.9929671510081161
7e57a4791bb23e66a3a87f9c6720d641	d__Bacteria	0.9744545882558499
90d320366257a317e490fd08269c4cf2	d__Bacteria; p__Acidobacteriota; c__Blastocatellia; o__Pyrinomonadales; f__Pyrinomonadaceae; g__RB41	0.868093271524307
2275c529c40bc0bd24ed1a96d2d62959	d__Bacteria; p__Firmicutes; c__Clostridia; o__Lachnospirales; f__Defluviitaleaceae; g__Defluviitaleaceae_UCG-011	0.993687309121159
caf88389f45d5412bc220cf278a246e6	d__Bacteria; p__Firmicutes; c__Bacilli; o__Erysipelotrichales; f__Erysipelatoclostridiaceae; g__Eggerthia; s__Eggerthia_catenaformis	0.9998456487897608
19290b750bffadb2a571d898d732cb76	d__Bacteria; p__Proteobacteria; c__Gammaproteobacteria; o__Oceanospirillales; f__Saccharospirillaceae; g__Oceanobacter; s__uncultured_bacterium	0.879963926858754
1bfd643ec24ad61023b9fc1bb1da4277	d__Bacteria; p__Verrucomicrobiota; c__Verrucomicrobiae; o__Verrucomicrobiales; f__Rubritaleaceae; g__Luteolibacter	0.948232378394101
8f99768b776522998d0e5161421e309b	d__Bacteria; p__Planctomycetota; c__Planctomycetes; o__Pirellulales; f__Pirellulaceae; g__Pirellula; s__Planctomycetes_bacterium	0.9251538000225856
24de0b9371431d8d8533f707aca7c88f	d__Bacteria; p__Actinobacteriota; c__Acidimicrobiia; o__Microtrichales; f__Ilumatobacteraceae	0.9952957532622406
157490c098f25378c2303c827dc4c4f6	d__Bacteria; p__Actinobacteriota	0.7954973431802349
703fe1211985527af3275fed4d587655	d__Bacteria; p__Proteobacteria; c__Gammaproteobacteria; o__Burkholderiales; f__SC-I-84; g__SC-I-84	0.9956156174748567
62f50ae3ca8db5149da3ccbcd0718f7e	d__Bacteria; p__Myxococcota; c__Polyangia; o__Polyangiales; f__BIrii41; g__BIrii41	0.9941063842554964
60e54255a7b2377d378f86c589ded691	d__Bacteria	0.9986445960753253
c326e90bd6c8e9e5dd2b3cb98ea18224	d__Bacteria; p__Proteobacteria; c__Gammaproteobacteria; o__Oceanospirillales; f__Alcanivoracaceae1; g__Alcanivorax	0.9043730941585143
b7a6bed90dc76d8ab2063f0d20f2c512	d__Bacteria; p__Gemmatimonadota; c__AKAU4049; o__AKAU4049; f__AKAU4049; g__AKAU4049; s__uncultured_soil	0.9132184423091231
a4c29f198d9c6601bffffe84b343902f	d__Bacteria; p__Proteobacteria; c__Gammaproteobacteria; o__Acidiferrobacterales; f__Acidiferrobacteraceae; g__Sulfurifustis	0.9984896242323773
1a799c29756a30c8c8184783ec87cdcf	d__Bacteria; p__Proteobacteria; c__Alphaproteobacteria; o__Azospirillales; f__Azospirillales_Incertae_Sedis; g__Stella; s__uncultured_proteobacterium	0.9827109060167873
837606cff6e47fdbeee4f18844cc05dc	d__Bacteria; p__Planctomycetota; c__Planctomycetes; o__Isosphaerales; f__Isosphaeraceae; g__Singulisphaera	0.9923881161796148
205ab3874245c3da0a1832da577b2e40	d__Bacteria; p__Firmicutes; c__Clostridia	0.703325605032043
2e9b8309d5bd42a331ed088b276b49fb	d__Bacteria; p__Elusimicrobiota; c__Endomicrobia; o__Endomicrobiales; f__Endomicrobiaceae; g__Endomicrobium	0.9987516441469243
b2af011cc6324013d181e1e3996de177	d__Bacteria; p__Desulfobacterota; c__Desulfobulbia; o__Desulfobulbales; f__Desulfobulbaceae; g__Desulfobulbus	0.7278593843549906
35c7953c937f3fff9d9a52e7192bcf47	d__Bacteria; p__Bacteroidota; c__Bacteroidia; o__Flavobacteriales; f__Flavobacteriaceae	0.9991616506223168
8c5f778726e05aa62693a6cfd9298a2a	d__Bacteria; p__Chloroflexi; c__Anaerolineae; o__Anaerolineales; f__Anaerolineaceae; g__Anaerolineaceae; s__uncultured_Chloroflexi	0.841152181035653
c1d99679da69f40b3ccc527b7c82624b	d__Bacteria; p__Proteobacteria; c__Gammaproteobacteria; o__Diplorickettsiales; f__Diplorickettsiaceae; g__Rickettsiella	0.9997095347974877
8f7213303dc693d6d400ba762b2e7aae	d__Bacteria	0.9998470532052597
1ce828fff3c0e9763a533f24aedc1247	d__Bacteria; p__Bacteroidota; c__Bacteroidia; o__Cytophagales; f__Microscillaceae; g__Ohtaekwangia	0.8705562469718349
7a2fcd8e9eee13adc644b5089c421c83	d__Bacteria	0.9968926609522044
9fce262efee38f765e561df893b083be	d__Bacteria; p__Actinobacteriota; c__Actinobacteria	0.9963865426996297
f4459fdcbc5d9ccbe59194592647d31d	d__Bacteria; p__Actinobacteriota; c__Actinobacteria; o__0319-7L14; f__0319-7L14; g__0319-7L14; s__uncultured_Actinomycetales	0.9237612191446878
4fd33c8ca56351760723f4098856f020	d__Bacteria; p__Proteobacteria; c__Gammaproteobacteria	0.7202653284670028
74faa8016c544a82d6cd6aca347f8d93	d__Bacteria; p__Planctomycetota; c__OM190; o__OM190; f__OM190; g__OM190	0.8727134153775988
01a2c2d20948deb51d8aa64f72ce556a	d__Bacteria; p__Bacteroidota; c__Bacteroidia; o__Bacteroidales; f__Prevotellaceae; g__Prevotella	0.9653808481948215
2909995fb80e2f8db88745e5919763ff	d__Bacteria; p__Patescibacteria; c__Gracilibacteria; o__Absconditabacteriales_(SR1); f__Absconditabacteriales_(SR1); g__Absconditabacteriales_(SR1)	0.999983859875444
ed843cd096835ecf9f2eb9aac433290e	d__Bacteria	0.8599596040810881
5fd7bc7ffbd6ebd8951c3dda0cbbdbee	d__Bacteria; p__Firmicutes; c__Clostridia; o__Peptostreptococcales-Tissierellales; f__Peptostreptococcaceae; g__Filifactor	0.9833104131312451
a2dc6c14b38d683fd8728b477aab5ca2	d__Bacteria; p__Patescibacteria; c__Gracilibacteria; o__Absconditabacteriales_(SR1); f__Absconditabacteriales_(SR1); g__Absconditabacteriales_(SR1); s__SR1_bacterium	0.8432860412330055
c3a6cbd8d1355e4ce52acf302e0b7fe9	d__Bacteria; p__Firmicutes; c__Clostridia; o__Christensenellales; f__Christensenellaceae	0.8741035236311613
fa836fd6f626225191ce2c7a871eadee	d__Bacteria; p__Desulfobacterota; c__Desulfovibrionia; o__Desulfovibrionales; f__Desulfoplanaceae; g__Desulfoplanes; s__uncultured_proteobacterium	0.8572724641035538
ad0300313df3a72ab5e39679884acf2b	d__Bacteria	0.9990395779822203
0276614bb615678154da8c3dabe8a2a9	d__Bacteria	0.9993165161877823
b3e107ed956f0610d2ae351bcf7ec2ce	d__Bacteria; p__Patescibacteria	0.727171288182704
ed86ecbd58d32d04bdf67e2f881bc128	d__Bacteria; p__Firmicutes; c__Clostridia; o__Lachnospirales; f__Lachnospiraceae	0.9995947440000521
a92c016a913566a861efa990fa69356f	d__Bacteria; p__Bdellovibrionota; c__Oligoflexia; o__0319-6G20; f__0319-6G20; g__0319-6G20; s__uncultured_gamma	0.9933781411226102
f5c8cce1ffcae4d85d8e54e8ee576cb8	d__Bacteria; p__Planctomycetota; c__Planctomycetes; o__Planctomycetales; f__Rubinisphaeraceae; g__Planctomicrobium; s__uncultured_Planctomyces	0.8604929329112928
d100e9cf3682fb9d759c9ce88707766e	d__Bacteria; p__Bacteroidota; c__Bacteroidia; o__Sphingobacteriales; f__Sphingobacteriaceae; g__Parapedobacter	0.9920410060271386
9936a15b9c2e8ca8d0aefac1ba85fe82	d__Bacteria; p__Planctomycetota; c__Phycisphaerae; o__Phycisphaerales; f__Phycisphaeraceae; g__AKYG587	0.7781776796501644
85ddd90ad93aab42c294704766bd5711	d__Bacteria; p__Patescibacteria; c__ABY1; o__Candidatus_Magasanikbacteria; f__Candidatus_Magasanikbacteria; g__Candidatus_Magasanikbacteria	0.7244143339017483
90867eaed18f7bee66e6ea3207e69796	d__Bacteria; p__Acidobacteriota; c__Subgroup_25; o__Subgroup_25; f__Subgroup_25; g__Subgroup_25	0.9987640126398138
601c4c3e56a37a97fc754c642c7e4c43	d__Bacteria; p__Proteobacteria; c__Gammaproteobacteria; o__Burkholderiales; f__Comamonadaceae	0.998548688472587
d88206c7fdcf488cafaa9c4d48f08311	d__Bacteria	0.9807830976537244
189937fcf192f150c4457491ca4a2547	d__Bacteria; p__Patescibacteria; c__Gracilibacteria; o__JGI_0000069-P22; f__JGI_0000069-P22; g__JGI_0000069-P22; s__Gracilibacteria_bacterium	0.9653260920076222
b6219eaa7334406759b8fe5f2cdf5343	d__Bacteria; p__Planctomycetota; c__Planctomycetes; o__Pirellulales; f__Pirellulaceae; g__Pirellula; s__uncultured_Pasteuria	0.7631636003100238
524a8a9fb1ee0eab16bc9d6aeddcd73f	d__Bacteria; p__Firmicutes; c__Bacilli; o__RF39; f__RF39; g__RF39	0.8665595898369056
a70c7556269f600b9e4c6c5ff2d329d9	d__Bacteria; p__Planctomycetota; c__Planctomycetes; o__Gemmatales; f__Gemmataceae; g__uncultured; s__uncultured_soil	0.7848039964197395
8018529aeb5fed37e610ddfdbd8f9731	d__Bacteria; p__Bacteroidota; c__Bacteroidia; o__Bacteroidales; f__Rikenellaceae; g__Rikenellaceae_RC9_gut_group; s__Bacteroidia_bacterium	0.8168777765343793
ce8da62c27f5686bead70ee1bcd819a5	d__Bacteria; p__Synergistota; c__Synergistia; o__Synergistales; f__Synergistaceae; g__Pyramidobacter; s__Pyramidobacter_piscolens	0.8864358269303049
295600e7d89893452c72a74c2c63925a	d__Bacteria; p__Acidobacteriota; c__Vicinamibacteria; o__Vicinamibacterales; f__Vicinamibacteraceae	0.8263399111353834
da676aecf9cbd3fd4ec07d3fcc00574d	d__Bacteria	0.9984315358853848
cb9375dff5f576a78a29e315a74bfb5b	d__Bacteria; p__Planctomycetota; c__Planctomycetes; o__Pirellulales; f__Pirellulaceae; g__Rhodopirellula	0.9997507654130579
d7f84c263810307e400704aeb5539c90	d__Bacteria; p__Firmicutes; c__Clostridia; o__Clostridiales; f__Clostridiaceae; g__Clostridium_sensu_stricto_5	0.9831541361802597
744407156c1fbd2d6c2599b983c3f4e2	d__Bacteria; p__Bacteroidota; c__Bacteroidia; o__Flavobacteriales; f__Flavobacteriaceae; g__Flavobacterium	0.9227315282285691
74b84256d58b363a92b6fe37c61ccd37	d__Bacteria; p__Patescibacteria; c__Parcubacteria; o__Candidatus_Vogelbacteria; f__Candidatus_Vogelbacteria; g__Candidatus_Vogelbacteria	0.9196178341515595
a12690c373929ca74d50e7f0a9fbc73f	d__Archaea; p__Thermoplasmatota; c__Thermoplasmata	0.9337566452226939
689e4556f7f868f12d05b81de8230f8a	d__Bacteria; p__Dependentiae; c__Babeliae; o__Babeliales	0.9782303908142015
8bf5568d27fc74dfd393edc4e3a674f8	d__Bacteria; p__Desulfobacterota; c__Desulfovibrionia; o__Desulfovibrionales; f__Desulfovibrionaceae; g__Desulfovibrio	0.9906343296344002
9effb506c39c0a36ec974477d3212817	d__Archaea; p__Thermoplasmatota; c__Thermoplasmata; o__Methanomassiliicoccales; f__Methanomethylophilaceae	0.9994824238577437
241c54642e9c38d7a59a26fdb08dbd46	d__Bacteria	0.9803380434749108
f7575654ee211f842ec53f445e7293d3	d__Bacteria; p__NB1-j; c__NB1-j; o__NB1-j; f__NB1-j; g__NB1-j; s__uncultured_Desulfuromonadaceae	0.9792088856427309
07016d8ca7a51fff225f74918951b359	d__Bacteria; p__Planctomycetota; c__Planctomycetes; o__Planctomycetales; f__Rubinisphaeraceae; g__Planctomicrobium; s__uncultured_Planctomyces	0.9063995049171524
55e096a295c4bc3c67a2c5d5f7bda90e	d__Bacteria; p__Acidobacteriota; c__Acidobacteriae; o__Subgroup_2; f__Subgroup_2; g__Subgroup_2	0.9860379893252994
271c3c2aefdc538dec31c4e0bde23b94	d__Bacteria	0.9996496015845046
1f40219c478f76d6cc6abc91ba05d05f	d__Bacteria; p__Proteobacteria; c__Alphaproteobacteria; o__Sphingomonadales; f__Sphingomonadaceae	0.9982961167142214
d0e356e8ccd44149b644e93b7a7b119e	d__Bacteria; p__Bacteroidota; c__OC31; o__OC31; f__OC31; g__OC31; s__uncultured_bacterium	0.7910334519600462
d179fa22aeec4f0b474968737887860c	d__Bacteria; p__Firmicutes; c__Clostridia; o__Peptostreptococcales-Tissierellales; f__Fusibacteraceae; g__Fusibacter; s__uncultured_Clostridiales	0.9057013788215588
4ac691efc42815907094ae76d33cd57a	d__Archaea; p__Nanoarchaeota; c__Nanoarchaeia; o__Woesearchaeales; f__Woesearchaeales; g__Woesearchaeales; s__uncultured_bacterium	0.999367078483461
6d9fdddc2537426a81cee639926ded7a	d__Bacteria; p__Bacteroidota; c__Bacteroidia; o__Chitinophagales; f__Saprospiraceae; g__Membranicola; s__uncultured_Sphingobacteriia	0.9788407053890582
3d4021379c974d16baa4e6f0b1c66043	d__Bacteria; p__Acidobacteriota; c__Acidobacteriae; o__Subgroup_2; f__Subgroup_2; g__Subgroup_2; s__uncultured_soil	0.9887807746636252
01eb5e49ad26fb4b6f04e7758d6ade36	d__Bacteria	0.9975401350649603
b0dba4f05d2dc7f7901c1ff5a43123ba	d__Bacteria	0.9911463461866307
